,F1,aps,context,expID,method,samples,system,thres,wo_length
0,0.4571428571428571,0.2343978801833966,supervised,0,cosine,10,drivetrain,0.6666666666666669,2
1,0.42105263157894735,,unsupervised,0,cosine,10,drivetrain,0.2916666666666667,2
2,0.5384615384615385,,pathfinder,0,cosine,10,drivetrain,,2
3,0.22393822393822396,0.1154659395240395,supervised,0,invite,10,drivetrain,0.043808613463717276,2
4,0.0,,unsupervised,0,invite,10,drivetrain,0.4666666666666666,2
5,0.05555555555555555,,pathfinder,0,invite,10,drivetrain,,2
6,0.04905626348318893,0.027651300084530855,supervised,1,cosine,10,aircraft,0.0,2
7,0.011188811188811189,,unsupervised,1,cosine,10,aircraft,0.5000071111616794,2
8,0.036458333333333336,,pathfinder,1,cosine,10,aircraft,,2
9,0.04942785069279421,0.024459288953597027,supervised,1,invite,10,aircraft,0.0012423337053641004,2
10,0.0,,unsupervised,1,invite,10,aircraft,0.5602670952326771,2
11,0.008021390374331552,,pathfinder,1,invite,10,aircraft,,2
12,0.7111111111111111,0.4177126973174894,supervised,2,cosine,10,bicycle,0.4629100498862758,2
13,0.5614035087719298,,unsupervised,2,cosine,10,bicycle,0.12121212121212122,2
14,0.8750000000000001,,pathfinder,2,cosine,10,bicycle,,2
15,0.4123711340206185,0.23502642709678778,supervised,2,invite,10,bicycle,0.07353311974994994,2
16,0.0,,unsupervised,2,invite,10,bicycle,0.30303030303030304,2
17,0.2222222222222222,,pathfinder,2,invite,10,bicycle,,2
18,0.5714285714285715,0.32417366696897765,supervised,3,cosine,10,drivetrain,0.7378647873726218,3
19,0.5357142857142858,,unsupervised,3,cosine,10,drivetrain,0.36944444444444446,3
20,0.5161290322580646,,pathfinder,3,cosine,10,drivetrain,,3
21,0.634920634920635,0.5967377388397739,supervised,3,invite,10,drivetrain,0.1590954508059269,3
22,0.6153846153846153,,unsupervised,3,invite,10,drivetrain,0.14722222222222223,3
23,0.5,,pathfinder,3,invite,10,drivetrain,,3
24,0.04905626348318893,0.03018098811318152,supervised,4,cosine,10,aircraft,0.0,3
25,0.022068965517241378,,unsupervised,4,cosine,10,aircraft,0.33334281488223916,3
26,0.04060913705583757,,pathfinder,4,cosine,10,aircraft,,3
27,0.04966136118357878,0.03289803356475032,supervised,4,invite,10,aircraft,0.0016446814704190232,3
28,0.01124859392575928,,unsupervised,4,invite,10,aircraft,0.0204019228581181,3
29,0.02406417112299465,,pathfinder,4,invite,10,aircraft,,3
30,0.6451612903225806,0.40528291883555045,supervised,5,cosine,10,bicycle,0.5686274509803921,3
31,0.5555555555555556,,unsupervised,5,cosine,10,bicycle,0.2222222222222222,3
32,0.6666666666666666,,pathfinder,5,cosine,10,bicycle,,3
33,0.7894736842105262,0.8488010807600361,supervised,5,invite,10,bicycle,0.16079357026600433,3
34,0.7441860465116279,,unsupervised,5,invite,10,bicycle,0.09090909090909091,3
35,0.6666666666666666,,pathfinder,5,invite,10,bicycle,,3
36,0.5669291338582677,0.33805072972485795,supervised,6,cosine,10,drivetrain,0.6046914166760674,4
37,0.48407643312101906,,unsupervised,6,cosine,10,drivetrain,0.16111111111111112,4
38,0.5294117647058824,,pathfinder,6,cosine,10,drivetrain,,4
39,0.742857142857143,0.7466964043312929,supervised,6,invite,10,drivetrain,0.19035845502404652,4
40,0.6153846153846153,,unsupervised,6,invite,10,drivetrain,0.04166666666666667,4
41,0.5555555555555556,,pathfinder,6,invite,10,drivetrain,,4
42,0.04905626348318893,0.03295720462485835,supervised,7,cosine,10,aircraft,0.0,4
43,0.03683640303358614,,unsupervised,7,cosine,10,aircraft,0.5,4
44,0.0347394540942928,,pathfinder,7,cosine,10,aircraft,,4
45,0.051437335325809116,0.03751270835743344,supervised,7,invite,10,aircraft,0.0023956372929313306,4
46,0.021240916713247626,,unsupervised,7,invite,10,aircraft,0.01435032426897258,4
47,0.02406417112299465,,pathfinder,7,invite,10,aircraft,,4
48,0.5714285714285713,0.38506341611604766,supervised,8,cosine,10,bicycle,0.9071147352221454,4
49,0.5217391304347826,,unsupervised,8,cosine,10,bicycle,0.8686868686868687,4
50,0.6250000000000001,,pathfinder,8,cosine,10,bicycle,,4
51,0.8648648648648648,0.9327731092436976,supervised,8,invite,10,bicycle,0.19202468170019374,4
52,0.8000000000000002,,unsupervised,8,invite,10,bicycle,0.1111111111111111,4
53,0.7777777777777778,,pathfinder,8,invite,10,bicycle,,4
54,0.631578947368421,0.37417206249112406,supervised,9,cosine,10,drivetrain,0.808290376865476,5
55,0.245398773006135,,unsupervised,9,cosine,10,drivetrain,0.058333333333333334,5
56,0.5714285714285715,,pathfinder,9,cosine,10,drivetrain,,5
57,0.7073170731707318,0.6785100392456263,supervised,9,invite,10,drivetrain,0.13939127215656733,5
58,0.6185567010309277,,unsupervised,9,invite,10,drivetrain,0.044444444444444446,5
59,0.5555555555555556,,pathfinder,9,invite,10,drivetrain,,5
60,0.05285412262156448,0.035161829870358874,supervised,10,cosine,10,aircraft,0.6831300510639732,5
61,0.05285412262156448,,unsupervised,10,cosine,10,aircraft,0.20000142223233586,5
62,0.06280193236714976,,pathfinder,10,cosine,10,aircraft,,5
63,0.049384508187202414,0.04195010779794443,supervised,10,invite,10,aircraft,0.00032640982499624016,5
64,0.02997502081598668,,unsupervised,10,invite,10,aircraft,0.013639208101035385,5
65,0.045454545454545456,,pathfinder,10,invite,10,aircraft,,5
66,0.6,0.362213357677754,supervised,11,cosine,10,bicycle,0.8837879163470618,5
67,0.48648648648648646,,unsupervised,11,cosine,10,bicycle,0.7878787878787878,5
68,0.7777777777777778,,pathfinder,11,cosine,10,bicycle,,5
69,0.9047619047619048,0.945602483816493,supervised,11,invite,10,bicycle,0.029366320432203274,5
70,0.9,,unsupervised,11,invite,10,bicycle,0.050505050505050504,5
71,1.0,,pathfinder,11,invite,10,bicycle,,5
72,0.4799999999999999,0.25122820691645126,supervised,12,cosine,18,drivetrain,0.36689969285267143,2
73,0.4556962025316456,,unsupervised,12,cosine,18,drivetrain,0.14166666666666666,2
74,0.5185185185185185,,pathfinder,12,cosine,18,drivetrain,,2
75,0.2877697841726618,0.17646942211991246,supervised,12,invite,18,drivetrain,0.06461634071906983,2
76,0.0,,unsupervised,12,invite,18,drivetrain,0.538888888888889,2
77,0.2222222222222222,,pathfinder,12,invite,18,drivetrain,,2
78,0.04905626348318893,0.02997938662644545,supervised,13,cosine,18,aircraft,0.0,2
79,0.0,,unsupervised,13,cosine,18,aircraft,1.0,2
80,0.030612244897959186,,pathfinder,13,cosine,18,aircraft,,2
81,0.049277611189163115,0.025887424672825492,supervised,13,invite,18,aircraft,0.001005323116820968,2
82,0.0,,unsupervised,13,invite,18,aircraft,0.5641142337012175,2
83,0.0106951871657754,,pathfinder,13,invite,18,aircraft,,2
84,0.64,0.3833946608946609,supervised,14,cosine,18,bicycle,0.3098898934004561,2
85,0.5517241379310345,,unsupervised,14,cosine,18,bicycle,0.04040404040404041,2
86,0.823529411764706,,pathfinder,14,cosine,18,bicycle,,2
87,0.38834951456310685,0.17477010286451455,supervised,14,invite,18,bicycle,0.05528222690001034,2
88,0.0,,unsupervised,14,invite,18,bicycle,0.26262626262626265,2
89,0.0,,pathfinder,14,invite,18,bicycle,,2
90,0.6153846153846153,0.3481864070659853,supervised,15,cosine,18,drivetrain,0.6508140266182866,3
91,0.4675324675324676,,unsupervised,15,cosine,18,drivetrain,0.18611111111111112,3
92,0.5454545454545454,,pathfinder,15,cosine,18,drivetrain,,3
93,0.634920634920635,0.6266777574489031,supervised,15,invite,18,drivetrain,0.211587197818432,3
94,0.605263157894737,,unsupervised,15,invite,18,drivetrain,0.14444444444444446,3
95,0.5555555555555556,,pathfinder,15,invite,18,drivetrain,,3
96,0.04905626348318893,0.033748626807830986,supervised,16,cosine,18,aircraft,0.0,3
97,0.04007581911724885,,unsupervised,16,cosine,18,aircraft,0.3333357037205598,3
98,0.05365853658536585,,pathfinder,16,cosine,18,aircraft,,3
99,0.05096040768326147,0.03708241571225756,supervised,16,invite,18,aircraft,0.0037414920961444114,3
100,0.01904761904761905,,unsupervised,16,invite,18,aircraft,0.022513937876891568,3
101,0.0213903743315508,,pathfinder,16,invite,18,aircraft,,3
102,0.6666666666666667,0.4054694814988933,supervised,17,cosine,18,bicycle,0.5581395685059352,3
103,0.47619047619047616,,unsupervised,17,cosine,18,bicycle,0.06060606060606061,3
104,0.6666666666666666,,pathfinder,17,cosine,18,bicycle,,3
105,0.8333333333333334,0.8580735889057525,supervised,17,invite,18,bicycle,0.04951590894781898,3
106,0.8,,unsupervised,17,invite,18,bicycle,0.0606060606060606,3
107,0.6666666666666666,,pathfinder,17,invite,18,bicycle,,3
108,0.5333333333333333,0.3099662155543057,supervised,18,cosine,18,drivetrain,0.6929023281557339,4
109,0.3434343434343435,,unsupervised,18,cosine,18,drivetrain,0.06111111111111111,4
110,0.4848484848484848,,pathfinder,18,cosine,18,drivetrain,,4
111,0.7407407407407408,0.7647610214730479,supervised,18,invite,18,drivetrain,0.14233441420981957,4
112,0.7096774193548386,,unsupervised,18,invite,18,drivetrain,0.05277777777777778,4
113,0.7777777777777778,,pathfinder,18,invite,18,drivetrain,,4
114,0.0700669757856775,0.03904021635889107,supervised,19,cosine,18,aircraft,0.25,4
115,0.06878582595101615,,unsupervised,19,cosine,18,aircraft,0.25,4
116,0.06132075471698112,,pathfinder,19,cosine,18,aircraft,,4
117,0.05197839100598628,0.04830902644219595,supervised,19,invite,18,aircraft,0.004743641033863968,4
118,0.038781163434903045,,unsupervised,19,invite,18,aircraft,0.017059676868813288,4
119,0.05614973262032085,,pathfinder,19,invite,18,aircraft,,4
120,0.6666666666666667,0.42599007201948375,supervised,20,cosine,18,bicycle,0.7915512859421803,4
121,0.5263157894736842,,unsupervised,20,cosine,18,bicycle,0.6464646464646465,4
122,0.8888888888888888,,pathfinder,20,cosine,18,bicycle,,4
123,0.9473684210526316,0.9347723704866563,supervised,20,invite,18,bicycle,0.12525554345379572,4
124,0.8372093023255814,,unsupervised,20,invite,18,bicycle,0.0404040404040404,4
125,0.8888888888888888,,pathfinder,20,invite,18,bicycle,,4
126,0.5045045045045046,0.3285187612986854,supervised,21,cosine,18,drivetrain,0.8717372244531129,5
127,0.35443037974683544,,unsupervised,21,cosine,18,drivetrain,0.16666666666666666,5
128,0.4444444444444444,,pathfinder,21,cosine,18,drivetrain,,5
129,0.7234042553191489,0.7313305077861453,supervised,21,invite,18,drivetrain,0.08107523317793827,5
130,0.6666666666666665,,unsupervised,21,invite,18,drivetrain,0.030555555555555558,5
131,0.7222222222222222,,pathfinder,21,invite,18,drivetrain,,5
132,0.08329297820823245,0.040348780978395865,supervised,22,cosine,18,aircraft,0.19999999999999998,5
133,0.07703703703703704,,unsupervised,22,cosine,18,aircraft,0.20000142223233588,5
134,0.06818181818181818,,pathfinder,22,cosine,18,aircraft,,5
135,0.05512929809605002,0.049798659649868404,supervised,22,invite,18,aircraft,0.004810857181586752,5
136,0.04578904333605887,,unsupervised,22,invite,18,aircraft,0.009322732961656616,5
137,0.058823529411764705,,pathfinder,22,invite,18,aircraft,,5
138,0.5625000000000001,0.39131327006327005,supervised,23,cosine,18,bicycle,0.8677218312746247,5
139,0.5128205128205129,,unsupervised,23,cosine,18,bicycle,0.7676767676767677,5
140,0.7777777777777778,,pathfinder,23,cosine,18,bicycle,,5
141,0.9500000000000001,0.9751714513556619,supervised,23,invite,18,bicycle,0.21020847501599402,5
142,0.8837209302325583,,unsupervised,23,invite,18,bicycle,0.08080808080808081,5
143,1.0,,pathfinder,23,invite,18,bicycle,,5
144,0.6101694915254237,0.37764946031287194,supervised,24,cosine,32,drivetrain,0.23500799597021088,2
145,0.5217391304347825,,unsupervised,24,cosine,32,drivetrain,0.036111111111111115,2
146,0.823529411764706,,pathfinder,24,cosine,32,drivetrain,,2
147,0.24806201550387594,0.1411765937412653,supervised,24,invite,32,drivetrain,0.06861134120072294,2
148,0.0,,unsupervised,24,invite,32,drivetrain,0.5944444444444444,2
149,0.1111111111111111,,pathfinder,24,invite,32,drivetrain,,2
150,0.04905626348318893,0.03264736107185161,supervised,25,cosine,32,aircraft,0.0,2
151,0.03503010399562124,,unsupervised,25,cosine,32,aircraft,0.5,2
152,0.07881773399014778,,pathfinder,25,cosine,32,aircraft,,2
153,0.049427479532121336,0.025231095616450677,supervised,25,invite,32,aircraft,0.0012101999273791606,2
154,0.0,,unsupervised,25,invite,32,aircraft,0.5610706565024463,2
155,0.0,,pathfinder,25,invite,32,aircraft,,2
156,0.8,0.48255217005217005,supervised,26,cosine,32,bicycle,0.3962029078465307,2
157,0.7407407407407407,,unsupervised,26,cosine,32,bicycle,0.2222222222222222,2
158,1.0,,pathfinder,26,cosine,32,bicycle,,2
159,0.37735849056603776,0.18072660153087247,supervised,26,invite,32,bicycle,0.0514202440805574,2
160,0.0,,unsupervised,26,invite,32,bicycle,0.5050505050505051,2
161,0.0,,pathfinder,26,invite,32,bicycle,,2
162,0.6101694915254237,0.3943742630465625,supervised,27,cosine,32,drivetrain,0.6111111111111113,3
163,0.4444444444444445,,unsupervised,27,cosine,32,drivetrain,0.11388888888888889,3
164,0.7428571428571428,,pathfinder,27,cosine,32,drivetrain,,3
165,0.8,0.7940857786298482,supervised,27,invite,32,drivetrain,0.06301467649078887,3
166,0.7692307692307692,,unsupervised,27,invite,32,drivetrain,0.04722222222222222,3
167,0.8333333333333334,,pathfinder,27,invite,32,drivetrain,,3
168,0.07137471726564464,0.03928416609339398,supervised,28,cosine,32,aircraft,0.08333333333333336,3
169,0.07044025157232704,,unsupervised,28,cosine,32,aircraft,0.08334281488223916,3
170,0.08237986270022883,,pathfinder,28,cosine,32,aircraft,,3
171,0.05032903473308349,0.04560525404057887,supervised,28,invite,32,aircraft,0.0007712170295620643,3
172,0.03555555555555556,,unsupervised,28,invite,32,aircraft,0.013816987143019684,3
173,0.0481283422459893,,pathfinder,28,invite,32,aircraft,,3
174,0.6428571428571429,0.42329483318613753,supervised,29,cosine,32,bicycle,0.587943028998213,3
175,0.5714285714285715,,unsupervised,29,cosine,32,bicycle,0.26262626262626265,3
176,0.8888888888888888,,pathfinder,29,cosine,32,bicycle,,3
177,1.0,1.0000000000000002,supervised,29,invite,32,bicycle,0.02763933250156383,3
178,0.9743589743589743,,unsupervised,29,invite,32,bicycle,0.030303030303030304,3
179,0.8888888888888888,,pathfinder,29,invite,32,bicycle,,3
180,0.6495726495726496,0.39461991899231313,supervised,30,cosine,32,drivetrain,0.7855171924378135,4
181,0.30996309963099633,,unsupervised,30,cosine,32,drivetrain,0.05277777777777777,4
182,0.6666666666666666,,pathfinder,30,cosine,32,drivetrain,,4
183,0.8791208791208791,0.9518442132349352,supervised,30,invite,32,drivetrain,0.020673428293852367,4
184,0.8433734939759037,,unsupervised,30,invite,32,drivetrain,0.03333333333333333,4
185,0.7777777777777778,,pathfinder,30,invite,32,drivetrain,,4
186,0.14002763703362503,0.05772634340409076,supervised,31,cosine,32,aircraft,0.05976143046671968,4
187,0.13764434180138568,,unsupervised,31,cosine,32,aircraft,0.05976931391512117,4
188,0.10706638115631692,,pathfinder,31,cosine,32,aircraft,,4
189,0.06553795740032768,0.05965753702946676,supervised,31,invite,32,aircraft,0.023306481721795815,4
190,0.06550218340611354,,unsupervised,31,invite,32,aircraft,0.011726305609284332,4
191,0.06951871657754011,,pathfinder,31,invite,32,aircraft,,4
192,0.7200000000000001,0.4326599125512169,supervised,32,cosine,32,bicycle,0.8787659381073162,4
193,0.5882352941176471,,unsupervised,32,cosine,32,bicycle,0.7474747474747475,4
194,1.0,,pathfinder,32,cosine,32,bicycle,,4
195,1.0,1.0000000000000002,supervised,32,invite,32,bicycle,0.24060214022044654,4
196,0.975609756097561,,unsupervised,32,invite,32,bicycle,0.030303030303030304,4
197,0.8888888888888888,,pathfinder,32,invite,32,bicycle,,4
198,0.5801526717557252,0.3534252398267833,supervised,33,cosine,32,drivetrain,0.839222021916476,5
199,0.3218390804597701,,unsupervised,33,cosine,32,drivetrain,0.08333333333333333,5
200,0.5555555555555556,,pathfinder,33,cosine,32,drivetrain,,5
201,0.9135802469135802,0.9471394121927526,supervised,33,invite,32,drivetrain,0.09148141119780663,5
202,0.8478260869565217,,unsupervised,33,invite,32,drivetrain,0.030555555555555555,5
203,0.8333333333333334,,pathfinder,33,invite,32,drivetrain,,5
204,0.14968476713443157,0.056519403615951425,supervised,34,cosine,32,aircraft,0.12909944487358058,5
205,0.14968476713443157,,unsupervised,34,cosine,32,aircraft,0.10541586073500966,5
206,0.11111111111111112,,pathfinder,34,cosine,32,aircraft,,5
207,0.08124191461836998,0.06588501884553877,supervised,34,invite,32,aircraft,0.008006016948248687,5
208,0.07967914438502675,,unsupervised,34,invite,32,aircraft,0.009280065991580384,5
209,0.0962566844919786,,pathfinder,34,invite,32,aircraft,,5
210,0.6923076923076923,0.44312292176422613,supervised,35,cosine,32,bicycle,0.9239418756334645,5
211,0.4255319148936171,,unsupervised,35,cosine,32,bicycle,0.6161616161616161,5
212,0.6666666666666666,,pathfinder,35,cosine,32,bicycle,,5
213,1.0,1.0000000000000002,supervised,35,invite,32,bicycle,0.10328404375417907,5
214,0.9302325581395349,,unsupervised,35,invite,32,bicycle,0.020202020202020204,5
215,0.8888888888888888,,pathfinder,35,invite,32,bicycle,,5
216,0.6593406593406593,0.4159637332202887,supervised,36,cosine,56,drivetrain,0.5185629788417315,2
217,0.5442176870748299,,unsupervised,36,cosine,56,drivetrain,0.05277777777777777,2
218,0.7999999999999999,,pathfinder,36,cosine,56,drivetrain,,2
219,0.21875,0.13864658000298513,supervised,36,invite,56,drivetrain,0.022018520791685148,2
220,0.0,,unsupervised,36,invite,56,drivetrain,0.5305555555555556,2
221,0.16666666666666666,,pathfinder,36,invite,56,drivetrain,,2
222,0.05689747718733227,0.037322736220064906,supervised,37,cosine,56,aircraft,0.6666666666666669,2
223,0.0551795939614784,,unsupervised,37,cosine,56,aircraft,0.288677608374104,2
224,0.1405152224824356,,pathfinder,37,cosine,56,aircraft,,2
225,0.05013368983957219,0.026029416330675105,supervised,37,invite,56,aircraft,0.0024425088273460844,2
226,0.0,,unsupervised,37,invite,56,aircraft,0.5621088861076345,2
227,0.008021390374331552,,pathfinder,37,invite,56,aircraft,,2
228,0.7692307692307693,0.47424963924963925,supervised,38,cosine,56,bicycle,0.2814892041993309,2
229,0.7142857142857143,,unsupervised,38,cosine,56,bicycle,0.18181818181818185,2
230,0.8888888888888888,,pathfinder,38,cosine,56,bicycle,,2
231,0.37037037037037035,0.17178183887921755,supervised,38,invite,56,bicycle,0.04959587054338882,2
232,0.0,,unsupervised,38,invite,56,bicycle,0.23232323232323232,2
233,0.1111111111111111,,pathfinder,38,invite,56,bicycle,,2
234,0.6440677966101696,0.4193123129393177,supervised,39,cosine,56,drivetrain,0.57876935513695,3
235,0.34782608695652173,,unsupervised,39,cosine,56,drivetrain,0.016666666666666666,3
236,0.7999999999999999,,pathfinder,39,cosine,56,drivetrain,,3
237,0.8705882352941177,0.8697535481163048,supervised,39,invite,56,drivetrain,0.028966699417753212,3
238,0.7671232876712328,,unsupervised,39,invite,56,drivetrain,0.05555555555555556,3
239,0.7222222222222222,,pathfinder,39,invite,56,drivetrain,,3
240,0.11944577161968466,0.05070179670960852,supervised,40,cosine,56,aircraft,0.12499999999999997,3
241,0.11680229775011967,,unsupervised,40,cosine,56,aircraft,0.12500711116167937,3
242,0.12184873949579833,,pathfinder,40,cosine,56,aircraft,,3
243,0.06061583104949218,0.05963448917625945,supervised,40,invite,56,aircraft,0.005887699666188782,3
244,0.05820977484898408,,unsupervised,40,invite,56,aircraft,0.0094791785186028,3
245,0.07219251336898395,,pathfinder,40,invite,56,aircraft,,3
246,0.6666666666666666,0.41500305250305247,supervised,41,cosine,56,bicycle,0.5324954153153388,3
247,0.5128205128205129,,unsupervised,41,cosine,56,bicycle,0.20202020202020202,3
248,0.8888888888888888,,pathfinder,41,cosine,56,bicycle,,3
249,1.0,1.0000000000000002,supervised,41,invite,56,bicycle,0.027649372359959352,3
250,1.0,,unsupervised,41,invite,56,bicycle,0.020202020202020204,3
251,1.0,,pathfinder,41,invite,56,bicycle,,3
252,0.6017699115044247,0.36034210669924077,supervised,42,cosine,56,drivetrain,0.84370865770679,4
253,0.3605150214592274,,unsupervised,42,cosine,56,drivetrain,0.11666666666666667,4
254,0.7777777777777778,,pathfinder,42,cosine,56,drivetrain,,4
255,0.975609756097561,0.9718568665377177,supervised,42,invite,56,drivetrain,0.04254624011841291,4
256,0.9302325581395349,,unsupervised,42,invite,56,drivetrain,0.01388888888888889,4
257,0.8888888888888888,,pathfinder,42,invite,56,drivetrain,,4
258,0.1791153009427121,0.06884991178930891,supervised,43,cosine,56,aircraft,0.0408248290463863,4
259,0.1791153009427121,,unsupervised,43,cosine,56,aircraft,0.03727670952326772,4
260,0.15414258188824662,,pathfinder,43,cosine,56,aircraft,,4
261,0.11194029850746269,0.08717966299207174,supervised,43,invite,56,aircraft,0.023885684378767282,4
262,0.11191047162270183,,unsupervised,43,invite,56,aircraft,0.00922317669814541,4
263,0.13636363636363635,,pathfinder,43,invite,56,aircraft,,4
264,0.6153846153846154,0.3942895067895068,supervised,44,cosine,56,bicycle,0.8950532559585651,4
265,0.5000000000000001,,unsupervised,44,cosine,56,bicycle,0.7878787878787878,4
266,0.8888888888888888,,pathfinder,44,cosine,56,bicycle,,4
267,0.975609756097561,0.9976190476190478,supervised,44,invite,56,bicycle,0.0563881300279179,4
268,0.975609756097561,,unsupervised,44,invite,56,bicycle,0.0202020202020202,4
269,0.8888888888888888,,pathfinder,44,invite,56,bicycle,,4
270,0.5874125874125874,0.3331813982408988,supervised,45,cosine,56,drivetrain,0.8136996482595963,5
271,0.298932384341637,,unsupervised,45,cosine,56,drivetrain,0.12222222222222223,5
272,0.5,,pathfinder,45,cosine,56,drivetrain,,5
273,0.9761904761904762,0.9904241997653883,supervised,45,invite,56,drivetrain,0.08031913982972476,5
274,0.9111111111111111,,unsupervised,45,invite,56,drivetrain,0.022222222222222223,5
275,0.8888888888888888,,pathfinder,45,invite,56,drivetrain,,5
276,0.24178935447338618,0.09233382098513288,supervised,46,cosine,56,aircraft,0.07001400420140048,5
277,0.23967168262653898,,unsupervised,46,cosine,56,aircraft,0.01497610649675731,5
278,0.11615245009074408,,pathfinder,46,cosine,56,aircraft,,5
279,0.13519091847265222,0.09281244906191999,supervised,46,invite,56,aircraft,0.009993927926210464,5
280,0.1350449293966624,,unsupervised,46,invite,56,aircraft,0.009365399931732849,5
281,0.12299465240641712,,pathfinder,46,invite,56,aircraft,,5
282,0.7200000000000001,0.4500613275613276,supervised,47,cosine,56,bicycle,0.933203959826524,5
283,0.47619047619047616,,unsupervised,47,cosine,56,bicycle,0.7373737373737372,5
284,0.8888888888888888,,pathfinder,47,cosine,56,bicycle,,5
285,1.0,1.0000000000000002,supervised,47,invite,56,bicycle,0.2242881772784797,5
286,1.0,,unsupervised,47,invite,56,bicycle,0.0202020202020202,5
287,0.8888888888888888,,pathfinder,47,invite,56,bicycle,,5
288,0.6881720430107526,0.44446738968779526,supervised,48,cosine,99,drivetrain,0.5278917737288982,2
289,0.631578947368421,,unsupervised,48,cosine,99,drivetrain,0.09722222222222221,2
290,0.8888888888888888,,pathfinder,48,cosine,99,drivetrain,,2
291,0.25641025641025644,0.19803108978486372,supervised,48,invite,99,drivetrain,0.08787924509197582,2
292,0.0,,unsupervised,48,invite,99,drivetrain,0.6083333333333334,2
293,0.2222222222222222,,pathfinder,48,invite,99,drivetrain,,2
294,0.0965481443031404,0.04687068775268083,supervised,49,cosine,99,aircraft,0.5000000000000001,2
295,0.09261515963928832,,unsupervised,49,cosine,99,aircraft,0.11786039367391056,2
296,0.17987152034261242,,pathfinder,49,cosine,99,aircraft,,2
297,0.04919446840479702,0.024728521179956883,supervised,49,invite,99,aircraft,0.0009095470311451339,2
298,0.0,,unsupervised,49,invite,99,aircraft,0.5570955171236773,2
299,0.008021390374331552,,pathfinder,49,invite,99,aircraft,,2
300,0.8,0.48255217005217005,supervised,50,cosine,99,bicycle,0.4370065551474912,2
301,0.7407407407407407,,unsupervised,50,cosine,99,bicycle,0.18181818181818185,2
302,0.8888888888888888,,pathfinder,50,cosine,99,bicycle,,2
303,0.37037037037037035,0.22713540879964456,supervised,50,invite,99,bicycle,0.05528564253409021,2
304,0.0,,unsupervised,50,invite,99,bicycle,0.30303030303030304,2
305,0.3333333333333333,,pathfinder,50,invite,99,bicycle,,2
306,0.6846846846846846,0.4277234242447898,supervised,51,cosine,99,drivetrain,0.7226357911690424,3
307,0.4097560975609756,,unsupervised,51,cosine,99,drivetrain,0.14166666666666666,3
308,0.7222222222222222,,pathfinder,51,cosine,99,drivetrain,,3
309,0.8674698795180722,0.9230129810844467,supervised,51,invite,99,drivetrain,0.04411956376459836,3
310,0.8505747126436781,,unsupervised,51,invite,99,drivetrain,0.02777777777777778,3
311,0.8888888888888888,,pathfinder,51,invite,99,drivetrain,,3
312,0.17394495412844035,0.0667956517104564,supervised,52,cosine,99,aircraft,0.09128709291752767,3
313,0.17353262850893178,,unsupervised,52,cosine,99,aircraft,0.018147684605757195,3
314,0.1731123388581952,,pathfinder,52,cosine,99,aircraft,,3
315,0.0968783638320775,0.08014489131972216,supervised,52,invite,99,aircraft,0.00935387442348096,3
316,0.09651474530831099,,unsupervised,52,invite,99,aircraft,0.00819916941631585,3
317,0.12566844919786097,,pathfinder,52,invite,99,aircraft,,3
318,0.6923076923076923,0.4200409312909313,supervised,53,cosine,99,bicycle,0.7039304474545867,3
319,0.5405405405405406,,unsupervised,53,cosine,99,bicycle,0.2828282828282828,3
320,0.8888888888888888,,pathfinder,53,cosine,99,bicycle,,3
321,1.0,1.0000000000000002,supervised,53,invite,99,bicycle,0.0881426018390661,3
322,1.0,,unsupervised,53,invite,99,bicycle,0.020202020202020204,3
323,0.8888888888888888,,pathfinder,53,invite,99,bicycle,,3
324,0.6504065040650406,0.38006019400967,supervised,54,cosine,99,drivetrain,0.8052973184755897,4
325,0.3320158102766798,,unsupervised,54,cosine,99,drivetrain,0.10833333333333332,4
326,0.6666666666666666,,pathfinder,54,cosine,99,drivetrain,,4
327,1.0,1.0,supervised,54,invite,99,drivetrain,0.07286945994572054,4
328,0.988235294117647,,unsupervised,54,invite,99,drivetrain,0.01111111111111111,4
329,1.0,,pathfinder,54,invite,99,drivetrain,,4
330,0.2854872881355932,0.1142663668302962,supervised,55,cosine,99,aircraft,0.039528470752104736,4
331,0.28398314014752374,,unsupervised,55,cosine,99,aircraft,0.014769882808055523,4
332,0.11544991511035654,,pathfinder,55,cosine,99,aircraft,,4
333,0.17411284146030126,0.12486490439972019,supervised,55,invite,99,aircraft,0.009939212737291772,4
334,0.1734045258072718,,unsupervised,55,invite,99,aircraft,0.009735180339060187,4
335,0.17379679144385027,,pathfinder,55,invite,99,aircraft,,4
336,0.6666666666666666,0.418968652120826,supervised,56,cosine,99,bicycle,0.8665191278622596,4
337,0.5000000000000001,,unsupervised,56,cosine,99,bicycle,0.7878787878787878,4
338,1.0,,pathfinder,56,cosine,99,bicycle,,4
339,1.0,1.0000000000000002,supervised,56,invite,99,bicycle,0.17803756293157644,4
340,1.0,,unsupervised,56,invite,99,bicycle,0.020202020202020204,4
341,0.8888888888888888,,pathfinder,56,invite,99,bicycle,,4
342,0.583941605839416,0.34529258426326487,supervised,57,cosine,99,drivetrain,0.8421761421357206,5
343,0.2947368421052632,,unsupervised,57,cosine,99,drivetrain,0.06388888888888888,5
344,0.7222222222222222,,pathfinder,57,cosine,99,drivetrain,,5
345,1.0,1.0,supervised,57,invite,99,drivetrain,0.07425396458514016,5
346,0.9545454545454545,,unsupervised,57,invite,99,drivetrain,0.01111111111111111,5
347,0.9444444444444444,,pathfinder,57,invite,99,drivetrain,,5
348,0.3554922121551461,0.1669781969370276,supervised,58,cosine,99,aircraft,0.0545544725589981,5
349,0.3517876597009012,,unsupervised,58,cosine,99,aircraft,0.01446410285584253,5
350,0.10932475884244373,,pathfinder,58,cosine,99,aircraft,,5
351,0.23454987834549876,0.15185913933144565,supervised,58,invite,99,aircraft,0.01281530532514172,5
352,0.2341510808841389,,unsupervised,58,invite,99,aircraft,0.012615200819205825,5
353,0.1925133689839572,,pathfinder,58,invite,99,aircraft,,5
354,0.6896551724137931,0.4293012981170876,supervised,59,cosine,99,bicycle,0.9083485346815035,5
355,0.5128205128205129,,unsupervised,59,cosine,99,bicycle,0.7676767676767677,5
356,0.8888888888888888,,pathfinder,59,cosine,99,bicycle,,5
357,1.0,1.0000000000000002,supervised,59,invite,99,bicycle,0.2888857279212355,5
358,0.975609756097561,,unsupervised,59,invite,99,bicycle,0.0202020202020202,5
359,0.8888888888888888,,pathfinder,59,invite,99,bicycle,,5
360,0.6719999999999999,0.43966675984607595,supervised,60,cosine,174,drivetrain,0.1993756343735324,2
361,0.6511627906976745,,unsupervised,60,cosine,174,drivetrain,0.12222222222222222,2
362,0.8333333333333334,,pathfinder,60,cosine,174,drivetrain,,2
363,0.29032258064516125,0.18900613783436937,supervised,60,invite,174,drivetrain,0.08885041171098419,2
364,0.0,,unsupervised,60,invite,174,drivetrain,0.7111111111111111,2
365,0.2222222222222222,,pathfinder,60,invite,174,drivetrain,,2
366,0.14498510427010922,0.059269145805865064,supervised,61,cosine,174,aircraft,0.5000000000000001,2
367,0.1323777403035413,,unsupervised,61,cosine,174,aircraft,0.023722835362384797,2
368,0.2857142857142857,,pathfinder,61,cosine,174,aircraft,,2
369,0.04921622780942634,0.025183656026884403,supervised,61,invite,174,aircraft,0.00134582381741947,2
370,0.0,,unsupervised,61,invite,174,aircraft,0.5633248947548072,2
371,0.00267379679144385,,pathfinder,61,invite,174,aircraft,,2
372,0.8,0.48255217005217005,supervised,62,cosine,174,bicycle,0.40145118990190787,2
373,0.7407407407407407,,unsupervised,62,cosine,174,bicycle,0.18181818181818182,2
374,0.8888888888888888,,pathfinder,62,cosine,174,bicycle,,2
375,0.37735849056603776,0.29884188088514363,supervised,62,invite,174,bicycle,0.06819440721633829,2
376,0.0,,unsupervised,62,invite,174,bicycle,0.31313131313131315,2
377,0.1111111111111111,,pathfinder,62,invite,174,bicycle,,2
378,0.6956521739130435,0.43431018259405835,supervised,63,cosine,174,drivetrain,0.6806327603150353,3
379,0.4221105527638191,,unsupervised,63,cosine,174,drivetrain,0.125,3
380,0.8333333333333334,,pathfinder,63,cosine,174,drivetrain,,3
381,1.0,1.0,supervised,63,invite,174,drivetrain,0.041331201265006015,3
382,1.0,,unsupervised,63,invite,174,drivetrain,0.005555555555555556,3
383,0.8333333333333334,,pathfinder,63,invite,174,drivetrain,,3
384,0.29112326461926796,0.11540102140973477,supervised,64,cosine,174,aircraft,0.01887128390240993,3
385,0.2909600560616678,,unsupervised,64,cosine,174,aircraft,0.006990271930822619,3
386,0.21656050955414013,,pathfinder,64,cosine,174,aircraft,,3
387,0.1571688784803539,0.11557619519182374,supervised,64,invite,174,aircraft,0.00962853947822565,3
388,0.1563551643800155,,unsupervised,64,invite,174,aircraft,0.009280065991580384,3
389,0.20855614973262032,,pathfinder,64,invite,174,aircraft,,3
390,0.7407407407407407,0.44104394788218315,supervised,65,cosine,174,bicycle,0.6664685373330886,3
391,0.5,,unsupervised,65,cosine,174,bicycle,0.21212121212121213,3
392,0.8888888888888888,,pathfinder,65,cosine,174,bicycle,,3
393,1.0,1.0000000000000002,supervised,65,invite,174,bicycle,0.28041001954860983,3
394,1.0,,unsupervised,65,invite,174,bicycle,0.020202020202020204,3
395,0.8888888888888888,,pathfinder,65,invite,174,bicycle,,3
396,0.631578947368421,0.3980280105877648,supervised,66,cosine,174,drivetrain,0.9127145243306047,4
397,0.36681222707423583,,unsupervised,66,cosine,174,drivetrain,0.14166666666666666,4
398,0.8333333333333334,,pathfinder,66,cosine,174,drivetrain,,4
399,1.0,1.0,supervised,66,invite,174,drivetrain,0.00936969060823869,4
400,0.9879518072289156,,unsupervised,66,invite,174,drivetrain,0.011111111111111112,4
401,0.8333333333333334,,pathfinder,66,invite,174,drivetrain,,4
402,0.36616950969009565,0.1940166819297035,supervised,67,cosine,174,aircraft,0.024397501823713332,4
403,0.36382997604046496,,unsupervised,67,cosine,174,aircraft,0.006193821822732961,4
404,0.16913946587537093,,pathfinder,67,cosine,174,aircraft,,4
405,0.23829369943613632,0.16297420382967823,supervised,67,invite,174,aircraft,0.013300109537294652,4
406,0.2347597418120966,,unsupervised,67,invite,174,aircraft,0.01175475025600182,4
407,0.2540106951871658,,pathfinder,67,invite,174,aircraft,,4
408,0.64,0.40356239171456565,supervised,68,cosine,174,bicycle,0.8829376451446721,4
409,0.5333333333333333,,unsupervised,68,cosine,174,bicycle,0.7878787878787878,4
410,1.0,,pathfinder,68,cosine,174,bicycle,,4
411,1.0,1.0000000000000002,supervised,68,invite,174,bicycle,0.15958135319642328,4
412,1.0,,unsupervised,68,invite,174,bicycle,0.0303030303030303,4
413,1.0,,pathfinder,68,invite,174,bicycle,,4
414,0.5673758865248226,0.3321599960505158,supervised,69,cosine,174,drivetrain,0.8467517792235126,5
415,0.3054545454545454,,unsupervised,69,cosine,174,drivetrain,0.13055555555555556,5
416,0.5555555555555556,,pathfinder,69,cosine,174,drivetrain,,5
417,1.0,1.0,supervised,69,invite,174,drivetrain,0.06672538585597225,5
418,0.9655172413793104,,unsupervised,69,invite,174,drivetrain,0.011111111111111112,5
419,0.9444444444444444,,pathfinder,69,invite,174,drivetrain,,5
420,0.33458703174364374,0.1903867444493909,supervised,70,cosine,174,aircraft,0.40109031437471154,5
421,0.3089462449058801,,unsupervised,70,cosine,174,aircraft,0.0022471270906815337,5
422,0.16569767441860464,,pathfinder,70,cosine,174,aircraft,,5
423,0.28074300493769105,0.19223988667954459,supervised,70,invite,174,aircraft,0.019226330143066243,5
424,0.26887821911828896,,unsupervised,70,invite,174,aircraft,0.015395665035840254,5
425,0.2647058823529412,,pathfinder,70,invite,174,aircraft,,5
426,0.7142857142857143,0.4590097402597403,supervised,71,cosine,174,bicycle,0.9020327957711143,5
427,0.5263157894736842,,unsupervised,71,cosine,174,bicycle,0.818181818181818,5
428,0.8888888888888888,,pathfinder,71,cosine,174,bicycle,,5
429,1.0,1.0000000000000002,supervised,71,invite,174,bicycle,0.19324394500777858,5
430,1.0,,unsupervised,71,invite,174,bicycle,0.020202020202020204,5
431,0.8888888888888888,,pathfinder,71,invite,174,bicycle,,5
432,0.6881720430107526,0.4461934206478382,supervised,72,cosine,305,drivetrain,0.5166255091974735,2
433,0.6511627906976745,,unsupervised,72,cosine,305,drivetrain,0.12222222222222222,2
434,0.8888888888888888,,pathfinder,72,cosine,305,drivetrain,,2
435,0.22163588390501318,0.11408222846862245,supervised,72,invite,305,drivetrain,0.02462605796596985,2
436,0.0,,unsupervised,72,invite,305,drivetrain,0.5833333333333333,2
437,0.05555555555555555,,pathfinder,72,invite,305,drivetrain,,2
438,0.2027823626503183,0.07840845539012106,supervised,73,cosine,305,aircraft,0.5000000000000001,2
439,0.17200616755182455,,unsupervised,73,cosine,305,aircraft,0.007857833655705996,2
440,0.3465346534653465,,pathfinder,73,cosine,305,aircraft,,2
441,0.04920479910714286,0.024803186964162616,supervised,73,invite,305,aircraft,0.0009753924010310916,2
442,0.0,,unsupervised,73,invite,305,aircraft,0.5469407782455342,2
443,0.0106951871657754,,pathfinder,73,invite,305,aircraft,,2
444,0.8,0.48255217005217005,supervised,74,cosine,305,bicycle,0.4693230956962574,2
445,0.7407407407407407,,unsupervised,74,cosine,305,bicycle,0.20202020202020202,2
446,1.0,,pathfinder,74,cosine,305,bicycle,,2
447,0.4444444444444444,0.34636540834615437,supervised,74,invite,305,bicycle,0.09661339225301206,2
448,0.0,,unsupervised,74,invite,305,bicycle,0.2727272727272727,2
449,0.2222222222222222,,pathfinder,74,invite,305,bicycle,,2
450,0.6990291262135924,0.4373274037358584,supervised,75,cosine,305,drivetrain,0.7651252849540526,3
451,0.4491978609625668,,unsupervised,75,cosine,305,drivetrain,0.14444444444444446,3
452,0.8333333333333334,,pathfinder,75,cosine,305,drivetrain,,3
453,1.0,1.0,supervised,75,invite,305,drivetrain,0.0019409891738045482,3
454,0.9879518072289156,,unsupervised,75,invite,305,drivetrain,0.005555555555555556,3
455,0.8333333333333334,,pathfinder,75,invite,305,drivetrain,,3
456,0.34231952234485247,0.16314474707343427,supervised,76,cosine,305,aircraft,0.019849711139180454,3
457,0.34139299891735836,,unsupervised,76,cosine,305,aircraft,0.003776026851746501,3
458,0.2273381294964029,,pathfinder,76,cosine,305,aircraft,,3
459,0.21439132577624445,0.15893640695484743,supervised,76,invite,305,aircraft,0.015126372491022364,3
460,0.20932400932400932,,unsupervised,76,invite,305,aircraft,0.011640971669131868,3
461,0.2700534759358289,,pathfinder,76,invite,305,aircraft,,3
462,0.6923076923076923,0.4310058435716331,supervised,77,cosine,305,bicycle,0.6703236326172888,3
463,0.4878048780487805,,unsupervised,77,cosine,305,bicycle,0.17171717171717174,3
464,0.8888888888888888,,pathfinder,77,cosine,305,bicycle,,3
465,1.0,1.0000000000000002,supervised,77,invite,305,bicycle,0.1446266311737215,3
466,1.0,,unsupervised,77,invite,305,bicycle,0.0202020202020202,3
467,0.8888888888888888,,pathfinder,77,invite,305,bicycle,,3
468,0.6605504587155964,0.40618271568154696,supervised,78,cosine,305,drivetrain,0.855496656469817,4
469,0.35443037974683544,,unsupervised,78,cosine,305,drivetrain,0.15555555555555556,4
470,0.7222222222222222,,pathfinder,78,cosine,305,drivetrain,,4
471,1.0,1.0,supervised,78,invite,305,drivetrain,0.02847580772782182,4
472,1.0,,unsupervised,78,invite,305,drivetrain,0.005555555555555555,4
473,0.8888888888888888,,pathfinder,78,invite,305,drivetrain,,4
474,0.36394986404934015,0.23493175338064826,supervised,79,cosine,305,aircraft,0.0472455591261534,4
475,0.3526036261522496,,unsupervised,79,cosine,305,aircraft,0.0021689043122084424,4
476,0.206993006993007,,pathfinder,79,cosine,305,aircraft,,4
477,0.31396895787139695,0.2265411307638142,supervised,79,invite,305,aircraft,0.01595484331004502,4
478,0.3059322033898305,,unsupervised,79,invite,305,aircraft,0.012906758448060076,4
479,0.3155080213903743,,pathfinder,79,invite,305,aircraft,,4
480,0.6666666666666667,0.42191858794799975,supervised,80,cosine,305,bicycle,0.820946017631524,4
481,0.5806451612903225,,unsupervised,80,cosine,305,bicycle,0.7575757575757577,4
482,1.0,,pathfinder,80,cosine,305,bicycle,,4
483,1.0,1.0000000000000002,supervised,80,invite,305,bicycle,0.2700721546973319,4
484,1.0,,unsupervised,80,invite,305,bicycle,0.020202020202020204,4
485,0.8888888888888888,,pathfinder,80,invite,305,bicycle,,4
486,0.5793103448275861,0.35817246091850663,supervised,81,cosine,305,drivetrain,0.7977462379237131,5
487,0.30324909747292417,,unsupervised,81,cosine,305,drivetrain,0.13333333333333333,5
488,0.6111111111111112,,pathfinder,81,cosine,305,drivetrain,,5
489,1.0,1.0,supervised,81,invite,305,drivetrain,0.0588252323274819,5
490,1.0,,unsupervised,81,invite,305,drivetrain,0.008333333333333333,5
491,0.9444444444444444,,pathfinder,81,invite,305,drivetrain,,5
492,0.376027642082688,0.2585448286492365,supervised,82,cosine,305,aircraft,0.37234154758203314,5
493,0.29182588834716916,,unsupervised,82,cosine,305,aircraft,0.0013297872340425532,5
494,0.21095890410958903,,pathfinder,82,cosine,305,aircraft,,5
495,0.348458904109589,0.2684364421107931,supervised,82,invite,305,aircraft,0.020442534452695265,5
496,0.33237931692425116,,unsupervised,82,invite,305,aircraft,0.014030321993400843,5
497,0.3502673796791444,,pathfinder,82,invite,305,aircraft,,5
498,0.7200000000000001,0.44362609612609616,supervised,83,cosine,305,bicycle,0.9238539244308666,5
499,0.47619047619047616,,unsupervised,83,cosine,305,bicycle,0.7474747474747475,5
500,0.8888888888888888,,pathfinder,83,cosine,305,bicycle,,5
501,1.0,1.0000000000000002,supervised,83,invite,305,bicycle,0.2516892280923281,5
502,1.0,,unsupervised,83,invite,305,bicycle,0.020202020202020204,5
503,1.0,,pathfinder,83,invite,305,bicycle,,5
504,0.7157894736842104,0.45316543874122395,supervised,84,cosine,534,drivetrain,0.5063551387230885,2
505,0.6614173228346457,,unsupervised,84,cosine,534,drivetrain,0.11666666666666667,2
506,0.8333333333333334,,pathfinder,84,cosine,534,drivetrain,,2
507,0.24598930481283426,0.13030539786957426,supervised,84,invite,534,drivetrain,0.05877496513526856,2
508,0.0,,unsupervised,84,invite,534,drivetrain,0.3222222222222222,2
509,0.1111111111111111,,pathfinder,84,invite,534,drivetrain,,2
510,0.25411913814955644,0.09769799986970393,supervised,85,cosine,534,aircraft,0.2456518422202587,2
511,0.21538461538461537,,unsupervised,85,cosine,534,aircraft,0.006072932074183638,2
512,0.4192139737991266,,pathfinder,85,cosine,534,aircraft,,2
513,0.049393911484863724,0.02467119644961236,supervised,85,invite,534,aircraft,0.0010991167199411308,2
514,0.0,,unsupervised,85,invite,534,aircraft,0.5517977016725453,2
515,0.0053475935828877,,pathfinder,85,invite,534,aircraft,,2
516,0.8,0.48255217005217005,supervised,86,cosine,534,bicycle,0.37217501208393666,2
517,0.7407407407407407,,unsupervised,86,cosine,534,bicycle,0.18181818181818185,2
518,1.0,,pathfinder,86,cosine,534,bicycle,,2
519,0.5070422535211269,0.32925725955012675,supervised,86,invite,534,bicycle,0.10012175788944559,2
520,0.0,,unsupervised,86,invite,534,bicycle,0.3131313131313132,2
521,0.3333333333333333,,pathfinder,86,invite,534,bicycle,,2
522,0.6736842105263159,0.43576162492747894,supervised,87,cosine,534,drivetrain,0.8087139535339383,3
523,0.43979057591623033,,unsupervised,87,cosine,534,drivetrain,0.1361111111111111,3
524,0.8333333333333334,,pathfinder,87,cosine,534,drivetrain,,3
525,1.0,1.0,supervised,87,invite,534,drivetrain,0.0063199210219932345,3
526,1.0,,unsupervised,87,invite,534,drivetrain,0.005555555555555556,3
527,0.8333333333333334,,pathfinder,87,invite,534,drivetrain,,3
528,0.3752624805256384,0.20881450309702104,supervised,88,cosine,534,aircraft,0.014674181772093729,3
529,0.37242949963158956,,unsupervised,88,cosine,534,aircraft,0.0014222323358743885,3
530,0.2668500687757909,,pathfinder,88,cosine,534,aircraft,,3
531,0.2502838973427209,0.196258009570008,supervised,88,invite,534,aircraft,0.015819512565220264,3
532,0.2433795712484237,,unsupervised,88,invite,534,aircraft,0.010680964842416658,3
533,0.3181818181818182,,pathfinder,88,invite,534,aircraft,,3
534,0.7407407407407407,0.43340991524815053,supervised,89,cosine,534,bicycle,0.6826106996834572,3
535,0.4651162790697675,,unsupervised,89,cosine,534,bicycle,0.1414141414141414,3
536,0.8888888888888888,,pathfinder,89,cosine,534,bicycle,,3
537,1.0,1.0000000000000002,supervised,89,invite,534,bicycle,0.23134540146515928,3
538,1.0,,unsupervised,89,invite,534,bicycle,0.020202020202020204,3
539,1.0,,pathfinder,89,invite,534,bicycle,,3
540,0.6601941747572815,0.4201383520952263,supervised,90,cosine,534,drivetrain,0.8700201376821257,4
541,0.3010752688172043,,unsupervised,90,cosine,534,drivetrain,0.036111111111111115,4
542,0.8333333333333334,,pathfinder,90,cosine,534,drivetrain,,4
543,1.0,1.0,supervised,90,invite,534,drivetrain,0.06881605462690436,4
544,1.0,,unsupervised,90,invite,534,drivetrain,0.005555555555555555,4
545,0.8333333333333334,,pathfinder,90,invite,534,drivetrain,,4
546,0.35043312649751185,0.23952205491979853,supervised,91,cosine,534,aircraft,0.0967741935483871,4
547,0.3056259728708028,,unsupervised,91,cosine,534,aircraft,0.0005262259642735237,4
548,0.29071332436069985,,pathfinder,91,cosine,534,aircraft,,4
549,0.3664608643696474,0.29153681045639424,supervised,91,invite,534,aircraft,0.009334738264186149,4
550,0.3641272902603665,,unsupervised,91,invite,534,aircraft,0.007964501080896575,4
551,0.3743315508021391,,pathfinder,91,invite,534,aircraft,,4
552,0.6666666666666667,0.43018199121140294,supervised,92,cosine,534,bicycle,0.8342287616216919,4
553,0.5454545454545454,,unsupervised,92,cosine,534,bicycle,0.7272727272727274,4
554,1.0,,pathfinder,92,cosine,534,bicycle,,4
555,1.0,1.0000000000000002,supervised,92,invite,534,bicycle,0.2516641491968016,4
556,1.0,,unsupervised,92,invite,534,bicycle,0.0202020202020202,4
557,0.8888888888888888,,pathfinder,92,invite,534,bicycle,,4
558,0.5673758865248226,0.34908658169097107,supervised,93,cosine,534,drivetrain,0.8298045751554846,5
559,0.3054545454545454,,unsupervised,93,cosine,534,drivetrain,0.12499999999999999,5
560,0.6666666666666666,,pathfinder,93,cosine,534,drivetrain,,5
561,1.0,1.0,supervised,93,invite,534,drivetrain,0.1160134904203056,5
562,1.0,,unsupervised,93,invite,534,drivetrain,0.005555555555555556,5
563,0.8888888888888888,,pathfinder,93,invite,534,drivetrain,,5
564,0.3951901202469938,0.2740166230012304,supervised,94,cosine,534,aircraft,0.1725163898355886,5
565,0.32066039899105714,,unsupervised,94,cosine,534,aircraft,0.04235407896233928,5
566,0.2668463611859838,,pathfinder,94,cosine,534,aircraft,,5
567,0.4445697106350996,0.36600965446578393,supervised,94,invite,534,aircraft,0.004550467080397911,5
568,0.4428517540550736,,unsupervised,94,invite,534,aircraft,0.004629366253271134,5
569,0.35294117647058826,,pathfinder,94,invite,534,aircraft,,5
570,0.7407407407407407,0.46154053462876987,supervised,95,cosine,534,bicycle,0.9236047310041704,5
571,0.5,,unsupervised,95,cosine,534,bicycle,0.7575757575757577,5
572,0.8888888888888888,,pathfinder,95,cosine,534,bicycle,,5
573,1.0,1.0000000000000002,supervised,95,invite,534,bicycle,0.2467903129186758,5
574,1.0,,unsupervised,95,invite,534,bicycle,0.020202020202020204,5
575,1.0,,pathfinder,95,invite,534,bicycle,,5
576,0.6881720430107526,0.44536307874227105,supervised,96,cosine,934,drivetrain,0.502260157071732,2
577,0.60431654676259,,unsupervised,96,cosine,934,drivetrain,0.09999999999999999,2
578,0.8333333333333334,,pathfinder,96,cosine,934,drivetrain,,2
579,0.2647058823529412,0.13217659432989218,supervised,96,invite,934,drivetrain,0.04335482385451404,2
580,0.0,,unsupervised,96,invite,934,drivetrain,0.28055555555555556,2
581,0.05555555555555555,,pathfinder,96,invite,934,drivetrain,,2
582,0.30525632706035044,0.10370231019185508,supervised,97,cosine,934,aircraft,0.17975796274454164,2
583,0.22854951586616817,,unsupervised,97,cosine,934,aircraft,0.0010524519285470474,2
584,0.46090534979423864,,pathfinder,97,cosine,934,aircraft,,2
585,0.04934939624250984,0.0249788316478565,supervised,97,invite,934,aircraft,0.0009999790401747659,2
586,0.0,,unsupervised,97,invite,934,aircraft,0.5520252588462851,2
587,0.00267379679144385,,pathfinder,97,invite,934,aircraft,,2
588,0.8,0.48255217005217005,supervised,98,cosine,934,bicycle,0.46741407743783137,2
589,0.7407407407407407,,unsupervised,98,cosine,934,bicycle,0.17171717171717174,2
590,0.8888888888888888,,pathfinder,98,cosine,934,bicycle,,2
591,0.4266666666666667,0.2671601224661089,supervised,98,invite,934,bicycle,0.09539585152921336,2
592,0.0,,unsupervised,98,invite,934,bicycle,0.30303030303030304,2
593,0.3333333333333333,,pathfinder,98,invite,934,bicycle,,2
594,0.6868686868686869,0.43793648315352074,supervised,99,cosine,934,drivetrain,0.7614052136090521,3
595,0.43979057591623033,,unsupervised,99,cosine,934,drivetrain,0.13055555555555556,3
596,0.8333333333333334,,pathfinder,99,cosine,934,drivetrain,,3
597,1.0,1.0,supervised,99,invite,934,drivetrain,0.04630114211203659,3
598,1.0,,unsupervised,99,invite,934,drivetrain,0.005555555555555556,3
599,0.9444444444444444,,pathfinder,99,invite,934,drivetrain,,3
600,0.3812380038387716,0.23183697997841493,supervised,100,cosine,934,aircraft,0.031209389196617962,3
601,0.36404255319148937,,unsupervised,100,cosine,934,aircraft,0.0005688929343497554,3
602,0.3882195448460508,,pathfinder,100,cosine,934,aircraft,,3
603,0.3385635359116022,0.2789356068621757,supervised,100,invite,934,aircraft,0.009810693878291081,3
604,0.33424889076695546,,unsupervised,100,invite,934,aircraft,0.007488053248378656,3
605,0.3743315508021391,,pathfinder,100,invite,934,aircraft,,3
606,0.7142857142857143,0.4301419413919414,supervised,101,cosine,934,bicycle,0.6124329521569812,3
607,0.4651162790697675,,unsupervised,101,cosine,934,bicycle,0.1414141414141414,3
608,0.8888888888888888,,pathfinder,101,cosine,934,bicycle,,3
609,1.0,1.0000000000000002,supervised,101,invite,934,bicycle,0.23653622784840098,3
610,1.0,,unsupervised,101,invite,934,bicycle,0.0202020202020202,3
611,0.8888888888888888,,pathfinder,101,invite,934,bicycle,,3
612,0.6732673267326733,0.4239657469662826,supervised,102,cosine,934,drivetrain,0.8716561094308647,4
613,0.3076923076923077,,unsupervised,102,cosine,934,drivetrain,0.04722222222222223,4
614,0.8333333333333334,,pathfinder,102,cosine,934,drivetrain,,4
615,1.0,1.0,supervised,102,invite,934,drivetrain,0.13217864551445208,4
616,1.0,,unsupervised,102,invite,934,drivetrain,0.005555555555555555,4
617,0.8888888888888888,,pathfinder,102,invite,934,drivetrain,,4
618,0.404949381327334,0.2618143602587999,supervised,103,cosine,934,aircraft,0.19119781320293627,4
619,0.3405366207396664,,unsupervised,103,cosine,934,aircraft,0.038151382409830466,4
620,0.36631016042780756,,pathfinder,103,cosine,934,aircraft,,4
621,0.4580850218514104,0.40345405377172233,supervised,103,invite,934,aircraft,0.00553762415437682,4
622,0.45657868224863996,,unsupervised,103,invite,934,aircraft,0.005959153487313688,4
623,0.4251336898395722,,pathfinder,103,invite,934,aircraft,,4
624,0.6153846153846154,0.4160286935286935,supervised,104,cosine,934,bicycle,0.8623439525737521,4
625,0.6,,unsupervised,104,cosine,934,bicycle,0.7878787878787878,4
626,1.0,,pathfinder,104,cosine,934,bicycle,,4
627,1.0,1.0000000000000002,supervised,104,invite,934,bicycle,0.1872231959503282,4
628,1.0,,unsupervised,104,invite,934,bicycle,0.020202020202020204,4
629,0.8888888888888888,,pathfinder,104,invite,934,bicycle,,4
630,0.5673758865248226,0.3522110873777541,supervised,105,cosine,934,drivetrain,0.8137736937126966,5
631,0.30324909747292417,,unsupervised,105,cosine,934,drivetrain,0.10833333333333334,5
632,0.7222222222222222,,pathfinder,105,cosine,934,drivetrain,,5
633,1.0,1.0,supervised,105,invite,934,drivetrain,0.10089926720653078,5
634,1.0,,unsupervised,105,invite,934,drivetrain,0.01111111111111111,5
635,0.8888888888888888,,pathfinder,105,invite,934,drivetrain,,5
636,0.41543859649122805,0.27871870149296657,supervised,106,cosine,934,aircraft,0.25192414607769975,5
637,0.33176514866390666,,unsupervised,106,cosine,934,aircraft,0.05052480373193765,5
638,0.3641231593038822,,pathfinder,106,cosine,934,aircraft,,5
639,0.5114075114075114,0.4789833571144797,supervised,106,invite,934,aircraft,0.002605860548898738,5
640,0.5018435862604308,,unsupervised,106,invite,934,aircraft,0.004757367163499829,5
641,0.4144385026737967,,pathfinder,106,invite,934,aircraft,,5
642,0.7142857142857143,0.4423214285714286,supervised,107,cosine,934,bicycle,0.8899032057892068,5
643,0.4651162790697675,,unsupervised,107,cosine,934,bicycle,0.6969696969696969,5
644,0.8888888888888888,,pathfinder,107,cosine,934,bicycle,,5
645,1.0,1.0000000000000002,supervised,107,invite,934,bicycle,0.23519494190916906,5
646,1.0,,unsupervised,107,invite,934,bicycle,0.020202020202020204,5
647,1.0,,pathfinder,107,invite,934,bicycle,,5
648,0.6719999999999999,0.436946566597507,supervised,108,cosine,1634,drivetrain,0.2721015302240127,2
649,0.5957446808510638,,unsupervised,108,cosine,1634,drivetrain,0.09722222222222221,2
650,0.8333333333333334,,pathfinder,108,cosine,1634,drivetrain,,2
651,0.2424242424242424,0.13110766930782997,supervised,108,invite,1634,drivetrain,0.04078159233215818,2
652,0.0,,unsupervised,108,invite,1634,drivetrain,0.6861111111111111,2
653,0.05555555555555555,,pathfinder,108,invite,1634,drivetrain,,2
654,0.3994546693933197,0.1383280430540449,supervised,109,cosine,1634,aircraft,0.11028735042288243,2
655,0.26561099492082463,,unsupervised,109,cosine,1634,aircraft,0.0005902264193878711,2
656,0.47248322147651006,,pathfinder,109,cosine,1634,aircraft,,2
657,0.04982342796134578,0.025819194031838563,supervised,109,invite,1634,aircraft,0.002471907573838357,2
658,0.0,,unsupervised,109,invite,1634,aircraft,0.541543406530891,2
659,0.0053475935828877,,pathfinder,109,invite,1634,aircraft,,2
660,0.8,0.48255217005217005,supervised,110,cosine,1634,bicycle,0.43930590227423266,2
661,0.7407407407407407,,unsupervised,110,cosine,1634,bicycle,0.17171717171717174,2
662,0.8888888888888888,,pathfinder,110,cosine,1634,bicycle,,2
663,0.53125,0.36954000312353413,supervised,110,invite,1634,bicycle,0.1064920790933962,2
664,0.0,,unsupervised,110,invite,1634,bicycle,0.29292929292929293,2
665,0.2222222222222222,,pathfinder,110,invite,1634,bicycle,,2
666,0.7010309278350516,0.4407466587199739,supervised,111,cosine,1634,drivetrain,0.8169595137540773,3
667,0.43979057591623033,,unsupervised,111,cosine,1634,drivetrain,0.10833333333333332,3
668,0.8333333333333334,,pathfinder,111,cosine,1634,drivetrain,,3
669,1.0,1.0,supervised,111,invite,1634,drivetrain,0.08147106167470808,3
670,1.0,,unsupervised,111,invite,1634,drivetrain,0.005555555555555556,3
671,0.8333333333333334,,pathfinder,111,invite,1634,drivetrain,,3
672,0.39983929288871034,0.24273527501108907,supervised,112,cosine,1634,aircraft,0.12529400275814703,3
673,0.36201323687855935,,unsupervised,112,cosine,1634,aircraft,0.0126720901126408,3
674,0.44385026737967914,,pathfinder,112,cosine,1634,aircraft,,3
675,0.4521224086870681,0.40531330486218414,supervised,112,invite,1634,aircraft,0.0025197736623389227,3
676,0.44977032154983015,,unsupervised,112,invite,1634,aircraft,0.002837353510069405,3
677,0.4411764705882353,,pathfinder,112,invite,1634,aircraft,,3
678,0.7407407407407407,0.43340991524815053,supervised,113,cosine,1634,bicycle,0.6428126613969551,3
679,0.4878048780487805,,unsupervised,113,cosine,1634,bicycle,0.1919191919191919,3
680,0.8888888888888888,,pathfinder,113,cosine,1634,bicycle,,3
681,1.0,1.0000000000000002,supervised,113,invite,1634,bicycle,0.29074622514242454,3
682,1.0,,unsupervised,113,invite,1634,bicycle,0.020202020202020204,3
683,0.8888888888888888,,pathfinder,113,invite,1634,bicycle,,3
684,0.6732673267326733,0.4208677412192029,supervised,114,cosine,1634,drivetrain,0.8807957337023882,4
685,0.3268482490272373,,unsupervised,114,cosine,1634,drivetrain,0.09166666666666667,4
686,0.8333333333333334,,pathfinder,114,cosine,1634,drivetrain,,4
687,1.0,1.0,supervised,114,invite,1634,drivetrain,0.10028042964385218,4
688,1.0,,unsupervised,114,invite,1634,drivetrain,0.005555555555555555,4
689,0.9444444444444444,,pathfinder,114,invite,1634,drivetrain,,4
690,0.4212573810350816,0.2593952743219684,supervised,115,cosine,1634,aircraft,0.18351285593535904,4
691,0.3290067457548267,,unsupervised,115,cosine,1634,aircraft,0.034866025713960636,4
692,0.4224598930481284,,pathfinder,115,cosine,1634,aircraft,,4
693,0.5937219730941704,0.5818429719063489,supervised,115,invite,1634,aircraft,0.0014759729026271823,4
694,0.5691623137937706,,unsupervised,115,invite,1634,aircraft,0.0029653544202981,4
695,0.4679144385026738,,pathfinder,115,invite,1634,aircraft,,4
696,0.6153846153846154,0.4176953601953602,supervised,116,cosine,1634,bicycle,0.8459552284445799,4
697,0.6,,unsupervised,116,cosine,1634,bicycle,0.8080808080808081,4
698,1.0,,pathfinder,116,cosine,1634,bicycle,,4
699,1.0,1.0000000000000002,supervised,116,invite,1634,bicycle,0.24725183845640702,4
700,1.0,,unsupervised,116,invite,1634,bicycle,0.0202020202020202,4
701,0.8888888888888888,,pathfinder,116,invite,1634,bicycle,,4
702,0.5673758865248226,0.3502458874070967,supervised,117,cosine,1634,drivetrain,0.8235766623496684,5
703,0.3054545454545454,,unsupervised,117,cosine,1634,drivetrain,0.10555555555555554,5
704,0.6666666666666666,,pathfinder,117,cosine,1634,drivetrain,,5
705,0.9879518072289156,0.9947089947089949,supervised,117,invite,1634,drivetrain,0.10378137098801872,5
706,0.9879518072289156,,unsupervised,117,invite,1634,drivetrain,0.005555555555555556,5
707,0.8333333333333334,,pathfinder,117,invite,1634,drivetrain,,5
708,0.44102056682451063,0.2757384934060905,supervised,118,cosine,1634,aircraft,0.289727841086591,5
709,0.3078128400435256,,unsupervised,118,cosine,1634,aircraft,0.039673171009216066,5
710,0.4144385026737967,,pathfinder,118,cosine,1634,aircraft,,5
711,0.5921733505821476,0.6014331908162236,supervised,118,invite,1634,aircraft,0.0008753335114695863,5
712,0.5479662317728319,,unsupervised,118,invite,1634,aircraft,0.003776026851746501,5
713,0.4572192513368984,,pathfinder,118,invite,1634,aircraft,,5
714,0.7200000000000001,0.4537271062271062,supervised,119,cosine,1634,bicycle,0.9313923665140426,5
715,0.5,,unsupervised,119,cosine,1634,bicycle,0.7575757575757575,5
716,0.8888888888888888,,pathfinder,119,cosine,1634,bicycle,,5
717,1.0,1.0000000000000002,supervised,119,invite,1634,bicycle,0.28500745496231156,5
718,1.0,,unsupervised,119,invite,1634,bicycle,0.020202020202020204,5
719,0.8888888888888888,,pathfinder,119,invite,1634,bicycle,,5
720,0.7157894736842104,0.45316543874122395,supervised,120,cosine,2859,drivetrain,0.5094714230106032,2
721,0.6131386861313868,,unsupervised,120,cosine,2859,drivetrain,0.10833333333333332,2
722,0.8333333333333334,,pathfinder,120,cosine,2859,drivetrain,,2
723,0.23493975903614456,0.1556039614764329,supervised,120,invite,2859,drivetrain,0.039692540484150475,2
724,0.0,,unsupervised,120,invite,2859,drivetrain,0.32500000000000007,2
725,0.1111111111111111,,pathfinder,120,invite,2859,drivetrain,,2
726,0.4524997454434375,0.17987066995999426,supervised,121,cosine,2859,aircraft,0.08255871496518023,2
727,0.31038490462842694,,unsupervised,121,cosine,2859,aircraft,0.0005120036409147798,2
728,0.5106951871657754,,pathfinder,121,cosine,2859,aircraft,,2
729,0.049989250479747116,0.025809091304214625,supervised,121,invite,2859,aircraft,0.0015093766022436516,2
730,0.0,,unsupervised,121,invite,2859,aircraft,0.5343540220730459,2
731,0.00267379679144385,,pathfinder,121,invite,2859,aircraft,,2
732,0.8,0.48255217005217005,supervised,122,cosine,2859,bicycle,0.5196570750828753,2
733,0.7407407407407407,,unsupervised,122,cosine,2859,bicycle,0.17171717171717174,2
734,0.8888888888888888,,pathfinder,122,cosine,2859,bicycle,,2
735,0.4383561643835617,0.2892116295563421,supervised,122,invite,2859,bicycle,0.10825916856450864,2
736,0.0,,unsupervised,122,invite,2859,bicycle,0.37373737373737376,2
737,0.3333333333333333,,pathfinder,122,invite,2859,bicycle,,2
738,0.7010309278350516,0.43990809032789807,supervised,123,cosine,2859,drivetrain,0.8025353073812937,3
739,0.41791044776119407,,unsupervised,123,cosine,2859,drivetrain,0.09444444444444444,3
740,0.8333333333333334,,pathfinder,123,cosine,2859,drivetrain,,3
741,1.0,1.0,supervised,123,invite,2859,drivetrain,0.10781062446398726,3
742,1.0,,unsupervised,123,invite,2859,drivetrain,0.005555555555555555,3
743,0.8888888888888888,,pathfinder,123,invite,2859,drivetrain,,3
744,0.43829695266911606,0.2540891147594241,supervised,124,cosine,2859,aircraft,0.11169362846589778,3
745,0.3740017980855677,,unsupervised,124,cosine,2859,aircraft,0.022499715553532827,3
746,0.5080213903743316,,pathfinder,124,cosine,2859,aircraft,,3
747,0.5928493250638452,0.565828656486368,supervised,124,invite,2859,aircraft,0.0012375764140533786,3
748,0.5719874804381847,,unsupervised,124,invite,2859,aircraft,0.0025102400728182956,3
749,0.40641711229946526,,pathfinder,124,invite,2859,aircraft,,3
750,0.7407407407407407,0.43340991524815053,supervised,125,cosine,2859,bicycle,0.6421247096335341,3
751,0.4878048780487805,,unsupervised,125,cosine,2859,bicycle,0.18181818181818185,3
752,0.8888888888888888,,pathfinder,125,cosine,2859,bicycle,,3
753,1.0,1.0000000000000002,supervised,125,invite,2859,bicycle,0.21851536310113528,3
754,1.0,,unsupervised,125,invite,2859,bicycle,0.0202020202020202,3
755,0.8888888888888888,,pathfinder,125,invite,2859,bicycle,,3
756,0.6732673267326733,0.4202706950738909,supervised,126,cosine,2859,drivetrain,0.8853950796729749,4
757,0.3076923076923077,,unsupervised,126,cosine,2859,drivetrain,0.044444444444444446,4
758,0.8333333333333334,,pathfinder,126,cosine,2859,drivetrain,,4
759,1.0,1.0,supervised,126,invite,2859,drivetrain,0.12646068907331098,4
760,1.0,,unsupervised,126,invite,2859,drivetrain,0.005555555555555555,4
761,0.8888888888888888,,pathfinder,126,invite,2859,drivetrain,,4
762,0.4405025868440503,0.2613751164743656,supervised,127,cosine,2859,aircraft,0.19500351676792133,4
763,0.3333804742374959,,unsupervised,127,cosine,2859,aircraft,0.03201444988053249,4
764,0.4518716577540106,,pathfinder,127,cosine,2859,aircraft,,4
765,0.6223604517924374,0.643205367725288,supervised,127,invite,2859,aircraft,0.0011477070487785118,4
766,0.5806451612903225,,unsupervised,127,invite,2859,aircraft,0.003306690180907953,4
767,0.42780748663101603,,pathfinder,127,invite,2859,aircraft,,4
768,0.608695652173913,0.4126113265819148,supervised,128,cosine,2859,bicycle,0.9000815155325081,4
769,0.5454545454545454,,unsupervised,128,cosine,2859,bicycle,0.7373737373737375,4
770,1.0,,pathfinder,128,cosine,2859,bicycle,,4
771,1.0,1.0000000000000002,supervised,128,invite,2859,bicycle,0.2389885613729461,4
772,1.0,,unsupervised,128,invite,2859,bicycle,0.020202020202020204,4
773,1.0,,pathfinder,128,invite,2859,bicycle,,4
774,0.5673758865248226,0.3488178437890035,supervised,129,cosine,2859,drivetrain,0.8363536979833353,5
775,0.3054545454545454,,unsupervised,129,cosine,2859,drivetrain,0.10833333333333332,5
776,0.7222222222222222,,pathfinder,129,cosine,2859,drivetrain,,5
777,1.0,1.0,supervised,129,invite,2859,drivetrain,0.142859538103149,5
778,1.0,,unsupervised,129,invite,2859,drivetrain,0.005555555555555556,5
779,0.8333333333333334,,pathfinder,129,invite,2859,drivetrain,,5
780,0.4566299698478368,0.2780764119888988,supervised,130,cosine,2859,aircraft,0.3050889074285553,5
781,0.3188026867420998,,unsupervised,130,cosine,2859,aircraft,0.05216748207987257,5
782,0.45454545454545453,,pathfinder,130,cosine,2859,aircraft,,5
783,0.7748231966053748,0.8160667873231436,supervised,130,invite,2859,aircraft,8.251734216266063e-05,5
784,0.6213845866766188,,unsupervised,130,invite,2859,aircraft,0.0028017977016725456,5
785,0.42780748663101603,,pathfinder,130,invite,2859,aircraft,,5
786,0.7200000000000001,0.4537271062271062,supervised,131,cosine,2859,bicycle,0.9326916509465121,5
787,0.4878048780487805,,unsupervised,131,cosine,2859,bicycle,0.7373737373737373,5
788,0.8888888888888888,,pathfinder,131,cosine,2859,bicycle,,5
789,1.0,1.0000000000000002,supervised,131,invite,2859,bicycle,0.2288293825152267,5
790,1.0,,unsupervised,131,invite,2859,bicycle,0.020202020202020204,5
791,0.8888888888888888,,pathfinder,131,invite,2859,bicycle,,5
792,0.7422680412371134,0.4609104865933668,supervised,132,cosine,5000,drivetrain,0.5219552669478115,2
793,0.6614173228346457,,unsupervised,132,cosine,5000,drivetrain,0.1361111111111111,2
794,0.8333333333333334,,pathfinder,132,cosine,5000,drivetrain,,2
795,0.22413793103448273,0.12718580343144492,supervised,132,invite,5000,drivetrain,0.03489443970807384,2
796,0.0,,unsupervised,132,invite,5000,drivetrain,0.2638888888888889,2
797,0.05555555555555555,,pathfinder,132,invite,5000,drivetrain,,2
798,0.5074327405380757,0.24124358435425144,supervised,133,cosine,5000,aircraft,0.05615022694366614,2
799,0.37125672681228233,,unsupervised,133,cosine,5000,aircraft,0.0004195585390829446,2
800,0.516042780748663,,pathfinder,133,cosine,5000,aircraft,,2
801,0.04928709983434098,0.02430195778635535,supervised,133,invite,5000,aircraft,0.0011108028100017065,2
802,0.0,,unsupervised,133,invite,5000,aircraft,0.42226078052110594,2
803,0.008021390374331552,,pathfinder,133,invite,5000,aircraft,,2
804,0.8,0.48255217005217005,supervised,134,cosine,5000,bicycle,0.47532142708435565,2
805,0.7407407407407407,,unsupervised,134,cosine,5000,bicycle,0.18181818181818185,2
806,0.8888888888888888,,pathfinder,134,cosine,5000,bicycle,,2
807,0.47058823529411764,0.4662265405773539,supervised,134,invite,5000,bicycle,0.1595249168748472,2
808,0.0,,unsupervised,134,invite,5000,bicycle,0.3131313131313132,2
809,0.5555555555555556,,pathfinder,134,invite,5000,bicycle,,2
810,0.7010309278350516,0.43775736929610465,supervised,135,cosine,5000,drivetrain,0.7608406010404527,3
811,0.4444444444444445,,unsupervised,135,cosine,5000,drivetrain,0.12777777777777777,3
812,0.8333333333333334,,pathfinder,135,cosine,5000,drivetrain,,3
813,1.0,1.0,supervised,135,invite,5000,drivetrain,0.09712568022399813,3
814,1.0,,unsupervised,135,invite,5000,drivetrain,0.005555555555555556,3
815,0.8333333333333334,,pathfinder,135,invite,5000,drivetrain,,3
816,0.4461776373293888,0.2562076425976209,supervised,136,cosine,5000,aircraft,0.09645629553733336,3
817,0.3731729196348477,,unsupervised,136,cosine,5000,aircraft,0.020544146091705538,3
818,0.4893048128342246,,pathfinder,136,cosine,5000,aircraft,,3
819,0.7795163584637268,0.7750846520324335,supervised,136,invite,5000,aircraft,0.00011423198818251119,3
820,0.6739171198199887,,unsupervised,136,invite,5000,aircraft,0.0021617931505290705,3
821,0.4625668449197861,,pathfinder,136,invite,5000,aircraft,,3
822,0.7407407407407407,0.43340991524815053,supervised,137,cosine,5000,bicycle,0.6571031198588139,3
823,0.4651162790697675,,unsupervised,137,cosine,5000,bicycle,0.1414141414141414,3
824,0.8888888888888888,,pathfinder,137,cosine,5000,bicycle,,3
825,1.0,1.0000000000000002,supervised,137,invite,5000,bicycle,0.28738472524645353,3
826,1.0,,unsupervised,137,invite,5000,bicycle,0.020202020202020204,3
827,0.8888888888888888,,pathfinder,137,invite,5000,bicycle,,3
828,0.6868686868686869,0.42321380727845526,supervised,138,cosine,5000,drivetrain,0.8829396798333393,4
829,0.3076923076923077,,unsupervised,138,cosine,5000,drivetrain,0.044444444444444446,4
830,0.8333333333333334,,pathfinder,138,cosine,5000,drivetrain,,4
831,1.0,1.0,supervised,138,invite,5000,drivetrain,0.09297563132238112,4
832,1.0,,unsupervised,138,invite,5000,drivetrain,0.005555555555555556,4
833,0.9444444444444444,,pathfinder,138,invite,5000,drivetrain,,4
834,0.45919007458005157,0.26536483249386317,supervised,139,cosine,5000,aircraft,0.21593774372148963,4
835,0.3463780183180683,,unsupervised,139,cosine,5000,aircraft,0.040746956422801225,4
836,0.4839572192513369,,pathfinder,139,cosine,5000,aircraft,,4
837,0.8718176435760806,0.9089196806103716,supervised,139,invite,5000,aircraft,9.083126944189841e-05,4
838,0.6819611470860314,,unsupervised,139,invite,5000,aircraft,0.0029866879053362157,4
839,0.4893048128342246,,pathfinder,139,invite,5000,aircraft,,4
840,0.6153846153846154,0.4160286935286935,supervised,140,cosine,5000,bicycle,0.86081720569857,4
841,0.5454545454545454,,unsupervised,140,cosine,5000,bicycle,0.7373737373737375,4
842,1.0,,pathfinder,140,cosine,5000,bicycle,,4
843,1.0,1.0000000000000002,supervised,140,invite,5000,bicycle,0.2769795442143856,4
844,1.0,,unsupervised,140,invite,5000,bicycle,0.020202020202020204,4
845,0.8888888888888888,,pathfinder,140,invite,5000,bicycle,,4
846,0.5673758865248226,0.3577785369120547,supervised,141,cosine,5000,drivetrain,0.8279846722019585,5
847,0.3010752688172043,,unsupervised,141,cosine,5000,drivetrain,0.10833333333333332,5
848,0.7777777777777778,,pathfinder,141,cosine,5000,drivetrain,,5
849,1.0,1.0,supervised,141,invite,5000,drivetrain,0.12655356526999534,5
850,1.0,,unsupervised,141,invite,5000,drivetrain,0.005555555555555556,5
851,0.8333333333333334,,pathfinder,141,invite,5000,drivetrain,,5
852,0.46884930899416155,0.2765305215049928,supervised,142,cosine,5000,aircraft,0.33257783395811824,5
853,0.3230256246288768,,unsupervised,142,cosine,5000,aircraft,0.05656217999772443,5
854,0.4893048128342246,,pathfinder,142,cosine,5000,aircraft,,5
855,0.9478138222849083,0.9699977184996489,supervised,142,invite,5000,aircraft,4.095399233333394e-06,5
856,0.6714018691588786,,unsupervised,142,invite,5000,aircraft,0.0027591307315963137,5
857,0.45454545454545453,,pathfinder,142,invite,5000,aircraft,,5
858,0.7407407407407407,0.45699508008331535,supervised,143,cosine,5000,bicycle,0.9093399118180381,5
859,0.5128205128205129,,unsupervised,143,cosine,5000,bicycle,0.7676767676767677,5
860,0.8888888888888888,,pathfinder,143,cosine,5000,bicycle,,5
861,1.0,1.0000000000000002,supervised,143,invite,5000,bicycle,0.21844631502450682,5
862,1.0,,unsupervised,143,invite,5000,bicycle,0.020202020202020204,5
863,0.8888888888888888,,pathfinder,143,invite,5000,bicycle,,5
